ITM_NAME,DSCR
AETERM,Adverse Event
STARTDT,Start Date
STOPDT,Stop Date
AESEVER,Severity
SAE,SAE
AERELAT,Relationship to Study
AERELPRO,Relationship to Study Procedure
PWDTAE,Premature Withdrawal due to AE
AEOUTCOM,Outcome
 ,Adverse Event Log
CNO,Site Number
EVENT_ID,Visit ID
INFODT,Site Aware Date
LAST_UPDATE,Date of most recent update to record
ORIG_CNO,Original Site Number
ORIG_ENTRY,Date of original data entry
PAG_NAME,Page Name
PATNO,Participant ID
REC_ID,Record ID
CONDLP,LP performed on assessment date
CONDSKBIO,Skin Biopsy performed on assessment date
CONDDOP,Dopamine Imaging performed on assessment date
ASTYN,Were adverse events assessed following the procedure(s) on this assessment date?
NOASTRSN,"If No, please explain:"
AERPRT,"If Yes, were any adverse events observed?"
 ,Adverse Event In-Clinic Assessment
ADMIN_CNO,Administering Site Number
CLNCONDCTVIS,"Was an LP, skin biopsy, or dopamine imaging scan conducted at this visit?"
INFODT,Assessment Date
AVCLNCONDCTVIS,Was a dopamine or PET imaging scan conducted at this visit?
AVASTYN,"If Yes, were adverse events assessed following the procedure(s)?"
AVNOASTRSN,"If No, please explain:"
AVAERPRT,"If Yes, were any adverse events observed?"
 ,(Early Imaging Substudy) Adverse Event In-Clinic Assessment
SUB_EVENT_ID,Substudy Visit ID
DOCCONSNTAV,"Informed consent was discussed with participant and/or legally authorized representative for the PPMI 004 Early Imaging Study. Participant and/or legally authorized representative was given adequate time to read the informed consent, the opportunity to ask questions and consent was obtained prior to any study procedures being performed."
 ,(Early Imaging Substudy) Documentation of Informed Consent
WDDT,Withdrawal date
WDRSN,Reason for withdrawal
WDRSNCM,Other reason for withdrawal comment
WDRSNPD,Did increasing PD disability contribute to the decision to withdraw from PPMI Early Imaging?
 ,(Early Imaging Substudy) Conclusion of Study Participation
EKGPERF,EKG performed
EKGTM,Time of ECG
HR,Heart Rate (bpm)
PRINTRVL,PR Interval (msec)
QRS,QRS Duration (msec)
QTINTRVL,QT Interval (msec)
QTC,QTc (msec)
EKGRSLT,EKG results interpretation
EKGCSCM,"EKG Abnormal, clinically significant comment"
 ,(Early Imaging Substudy) ECG
INPPMI2,"A PD participant consented to PPMI Clinical, or a prodromal participant confirmed eligible to proceed to PPMI Clinical Baseline visit."
INCNST,Able to provide informed consent
INPREGNT,"Women may not be pregnant, lactating or planning pregnancy during the study"
EXAVRX1MO,"Received any of the following medications that might interfere with 18F-AV-133 PET imaging: tetrabenazine (TBZ) or methylphenidate, reserpine, or amphetamine derivative, within 1 month prior to the Screening 18F-AV-133 injection."
EXCARDDX,Have current clinically significant cardiovascular disease or abnormalities on screening ECG (including but not limited to QTc > 450 msec)
EXRXQTPRO,Are currently taking medications that are known to cause QT-prolongation
EXABCOND,"Any other medical or psychiatric condition or lab abnormality, which in the opinion of the investigator might preclude participation"
 ,(Early Imaging Substudy) Inclusion Exclusion Criteria
INVEVLBF,Study physician able to evaluate before injection
INVEVLBFCM,Study physician not able to evaluate before injection comment
VITLTMBF,Vital Sign Time - before injection
SYSSUPBF,Supine BP - systolic - before injection (mmHg)
DIASUPBF,Supine BP - diastolic - before injection (mmHg)
HRSUPBF,Supine heart rate - before injection (bpm)
INJECTTM,Time of Injection
VITLTMAF,Vital Sign Time - after injection
SYSSUPAF,Supine BP - systolic - after injection (mmHg)
DIASUPAF,Supine BP - diastolic - after injection (mmHg)
HRSUPAF,Supine heart rate - after injection (bpm)
PETCMPLT,AV-133 PET scan completed?
PETCMPLTCM,AV-133 PET scan not completed comment
INVEVLAF,Study physician able to evaluate after injection
INVEVLAFCM,Study physician not able to evaluate after injection comment
 ,(Early Imaging Substudy) AV-133 Imaging
PREGAPPL,Participant is a female of childbearing potential
UPREGPRF,Urine pregnancy test performed
UPREGPRFCM,Urine pregnancy test not completed comment
UPRGRSLT,Urine pregnancy test result
UPRGCNBF,Urine pregnancy result confirmed prior to 18F-AV-133 injection
UPRGCNBFCM,No urine pregnancy result confirmed prior to 18F-AV-133 injection comment
SPRGCNNEGBF,Serum pregnancy result confirmed negative prior to Baseline 18F-AV-133 injection
 ,(Early Imaging Substudy) Pregnancy Test
PREGWHO,Participant or participant partner is pregnant?
PREG30AV,Pregnancy within 30 days of AV-133 injection?
 ,(Early Imaging Substudy) Report of Pregnancy
SCFAILRSN,Reason for screen fail
RSNDEC,Reason for Declining
 ,(Early Imaging Substudy) Screen Fail
AVCONDCTVIS,"Was an LP, skin biopsy, or DaTscan or AV-133 imaging scan conducted at this visit?"
CNTACTYN,Was contact made
CNTRSN,Reason for no contact
CNTRSNCM,Reason for no contact comment
TELAERPT,AE reported
 ,(Early Imaging Substudy) Adverse Event Telephone Assessment
 ,Baseline Visit Start
INFODT,Date Baseline visit started
INVESTAST,Investigator Assessment
 ,Clinical Global Impression (CGI) - Investigator
CLCKPII,Time - one hand points to 2
CLCK2HND,Time - exactly 2 hands
CLCKNMRK,Time - absence of marks
CLCKNUIN,Number - numbers inside
CLCKALNU,Number - all 1-12 present
CLCKNUSP,Spacing - numbers equally spaced from each other
CLCKNUED,Spacing - numbers equally spaced from edge
 ,Clock Drawing
AGE_ASSESS_CLCKDRAW,Age at Assessment
CLCKTOT,Clock Drawing Total Score
DVT_CLCKDRAW,T score
DVZ_CLCKDRAW,Z score
BLDLAB,Blood for clinical labs
BLDLABDT,Date of collection for clinical labs
BLDLABCM,Blood for clinical labs not collected comment
BLDCOAG,Blood for coagulation panel
BLDCOAGDT,Date of collection for coagulation panel
BLDCOAGCM,Blood for coagulation panel not collected comment
 ,Clinical Labs
OFF_SCHEDULE,Off Schedule Form
 ,Center - Participant
PTCGBOTH,Source of Information
COGDECLN,Experienced cognitive decline
FNCDTCOG,Functional impairment due to cognitive
COGSTATE,Cognitive State
COGDXCL,Level of confidence cognitive diagnosis
RVWNPSY,Review neuropsychological tests
 ,Cognitive Categorization
COGCHG,Cognitive Change
 ,Cognitive Change
WDAE,Adverse Event
WDCMPLT,Completed Study per protocol
WDDEATH,Death
WDFAMILY,"Family, care-partner, or social issues (such as work/job obligations)"
WDLTFU,Lost to follow up
WDNONCOMP,Non-compliance with study procedures
WDTRANSPORT,"Transportation/Travel issues (ex: logistics or travel, moved away from study site)"
WDBURDEN,Burden of study procedures (other than travel)
WDHEALTH,Decline in health
WDHEALTHPD,Was this due to increasing PD disability?
WDSITE,Site closure
WDDISINT,General disinterest
WDOTHER,Other
WDRSNCM,Reason for withdrawal comment
 ,Conclusion of Study Participation
COMPLT,Did the subject complete the study?
CMTRT,Medication
CMINDC,Indication
CMINDCCM,Other indication comment
 ,Concomitant Medication Log
DOCCNSNT,Documentation of informed consent for the PPMI 2.0 Clinical study.
 ,Documentation of Informed Consent
CNSTPPMI2,Confirmed willingness to continued participation in PPMI Clinical?
CONTCNSTCOMM,Did not confirm willingness to continue comment
OPTCNST_CHANGES,Changes to participate in PPMI Clinical optional activites
 ,Continuing Consent
CTSCAN,Was a CT scan completed as part of the PPMI study to assess safety for screening Lumbar Puncture?
CTDT,"If completed, date of CT scan"
 ,CT Scan
DATDOCCNSNT,Documentation of informed consent for prodromal screening.
 ,Documentation of Prodromal Screening Consent
DATSCAN,DAT imaging and SPECT scan completed
PREVDATDT,Date of DaTscan imaging completed previously
DATSCANCM,DaTscan imaging scan not completed comment
DATSCANTRC,Tracer Used
DIFFLOC,Completed at a different location than the participant’s assigned site
 ,Dopamine Imaging
DOPTHERST,Dopaminergic therapy started for participant
 ,Initiation of Dopaminergic Therapy
DPACONDCTVIS,Was a DPA-714 PET imaging scan conducted at this visit?
DPAASTYN,Were adverse events assessed following DPA-714 PET Imaging procedure?
DPANOASTRSN,Adverse events not assessed following DPA-714 PET Imaging procedure comment
DPAAERPRT,Were adverse events observed following DPA-714 PET Imaging procedure?
 ,(DPA-714 PET Imaging Substudy) Adverse Event In-Clinic Assessment
DOCOCNSNTDPA,"Informed consent was discussed with participant and/or legally authorized representative for the PPMI 019 DPA-714 PET Imaging Study. Participant and/or legally authorized representative was given adequate time to read the informed consent, the opportunity to ask questions and consent was obtained prior to any study procedures being performed."
 ,(DPA-714 PET Imaging Substudy) Documentation of Informed Consent
WDRSNPD,Did increasing PD disability contribute to the decision to withdraw from the PPMI DPA-714 PET Imaging Study?
 ,(DPA-714 PET Imaging Substudy) Conclusion of Study Participation
INNOPDMED2,
INCNST,Able to provide informed consent.
INTSPOGENE,Must have screening genetic testing documenting high binder at the at the known TSPO gene polymorphism (rs6971).
INPREGNT,"Women may not be pregnant, lactating or planning pregnancy during the study."
EXRAD50,"Exposure to a total effective dose equivalent of 50 mSv for the whole body, which is the annual limit established by the US Code of Federal Regulations, during the past year."
 ,(DPA-714 PET Imaging Substudy) Inclusion Exclusion Criteria
GENETEST,Genetic testing for TSPO gene polymorphism (rs6971)
VISDT,"If completed at visit, date of genetic testing"
GENETESTTM,"If completed at visit, time of genetic testing"
PREVTESTDT,"If completed previously, date of genetic testing"
 ,(DPA-714 PET Imaging Substudy) Genetic Testing for TSPO Gene
INVEVLBF,Was a study physician present to evaluate the participant prior to injection?
PETCMPT,Was DPA-714 PET imaging scan completed?
PETCMPTCM, DPA-714 PET imaging scan not completed comment
INVEVLAF,Was a study physician (or designee) present to evaluate the participant prior to discharge? 
INVEVLAFCM,Study physician (or designee) not present to evaluate the participant prior to discharge comment
DIFFLOC,Completed at a different location than the participant's assigned site
 ,(DPA-714 PET Imaging Substudy) DPA-714 PET Imaging
UPRGRST,Urine pregnancy test result
UPRGCNBF,Urine pregnancy test confirmed prior to 18F DPA-714 injection
UPRGCNBFCM,No urine pregnancy result confirmed prior to 18F-DPA-714 injection comment
 ,(DPA-714 PET Imaging Substudy) Pregnancy Test
PREGWHO,Participant or partner of participant is pregnant?
PREG30DPA,Pregnancy within 30 days of DPA-714 injection?
 ,(DPA-714 PET Imaging Substudy) Report of Pregnancy
SCFAILRSN,Reason for Screen Fail
RSNDC,Reason for declining
 ,(DPA-714 PET Imaging Substudy) Screen Fail
INFODT,Assessment Date:
DPACNTACTYN,Was contact made during this telephone call?
DPACNTRSN,Reason for no contact
DPACNTRSNCM,Reason for no contact comment
DPATELAERPT,Were any adverse events reported by the participant?
 ,(DPA-714 PET Imaging Substudy) Adverse Event Telephone Assessment
FRZGT1W,Participant currently experiencing freezing of gait
FLNFR1W,Participant currently experiencing falls not related to freezing
FRZGT12M,Freezing of gait in past 12 months
FLNFR12M,Falls not rel to freezing past 12 months
INJFRHIP,Fracture of hip or lower limb
INJFRUE,Fracture of upper extremity
INJFRSKL,Skull fracture
INJFROTH,Other fracture
OTHFRCM,Other fracture comment
HINJNOLC,Head injury without loss of consciousness
HINJLOC2,Head injury with loss of consciousness
INJSTCH,Laceration requiring sutures (stitches)
INJOTH,Other Injury
INJOTHCM,Other injury comment
FLLDRVIS,Fall resulted in outpatient visit to a healthcare provider
FLLERVIS,Fall resulted in ER visit
FLLHOSP,Fall resulted in hospitalization
FLLSURG,Fall resulted in surgery
FLLINST,Fall resulted in institutionalization
 ,Determination of Freezing and Falls
ESS1,Sitting and reading
ESS2,Watching TV
ESS3,"Sitting, inactive in a public place"
ESS4,As a passenger in a car for an hour
ESS5,Lying down to rest in the afternoon
ESS6,Sitting and talking to someone
ESS7,Sitting quietly after lunch
ESS8,"In a car, while stopped in traffic"
 ,Epworth Sleepiness Scale
 ,Eligibility Override
INFODT,Date of Eligibility Override
ANYFAMPD,Do you have any family history of Parkinson's Disease or Parkinsonism?
FULBRO,Full Brothers
FULSIS,Full Sisters
MAHAFSIB,Maternal Half Siblings
PAHAFSIB,Paternal Half Siblings
MATAU,Maternal Aunts and Uncles
PATAU,Paternal Aunts and Uncles
MATCOUS,Maternal Cousins
PATCOUS,Paternal Cousins
KIDSNUM,Children
FULBROPD,Full Brothers with PD or Parkinsonism
FULSISPD,Full Sisters with PD or Parkinsonism
MAHAFSIBPD,Maternal Half Siblings with PD or Parkinsonism
PAHAFSIBPD,Paternal Half Siblings with PD or Parkinsonism
MATAUPD,Maternal Aunts and Uncles with PD or Parkinsonism
PATAUPD,Paternal Aunts and Uncles with PD or Parkinsonism
MATCOUSPD,Maternal Cousins with PD or Parkinsonism
PATCOUSPD,Paternal Cousins with PD or Parkinsonism
KIDSPD,Children with PD or Parkinsonism
BIOMOMPD,Biological Mother with PD or Parkinsonism
BIODADPD,Biological Father with PD or Parkinsonism
MAGMOTHPD,Maternal Grandmother with PD or Parkinsonism
MAGFATHPD,Maternal Grandfather with PD or Parkinsonism
PAGMOTHPD,Paternal Grandmother with PD or Parkinsonism
PAGFATHPD,Paternal Grandfather with PD or Parkinsonism
DISFAMPD,Do you have a more distant relative not listed above who has/had Parkinson's disease or Parkinsonism?
 ,Family History
FEATBRADY,Bradykinesia is present and typical for parkinsonism
FEATRIGID,Rigidity is present and typical for parkinsonism
FEATTREMOR,Rest tremor is present and typical for parkinsonism
FEATPOSINS,Postural disturbance is present and typical for parkinsonism
PSGLVL,Confidence abnormalities consistent with a neurodegenerative parkinsonian syndrome (PS)
 ,Features of Parkinsonism
AXIVITYUSED,Was an Axivity sensor used at this visit?
AXIVITYNOTUSEDCM,Axivity sensor not used comment
AXIVITYSERNUM,Serial number of the Axivity sensor
AXIVITYDT,Date Axivity sensor started
AXIVITYUP,Was Axivity data uploaded and transferred?
AXIVITYNOUPCM,Axivity data not uploaded and transferred comment
AXIVITYUPDT,Date Axivity data was uploaded and transferred
OPALUSED,Were Opal sensors used during this visit?
OPALNOUSEDCM,Opal sensors not used comment
RARMLEN,Right arm length in centimeters
LARMLEN,Left arm length in centimeters
RLEGLEN,Right leg length in centimeters
LLEGLEN,Left leg length in centimeters
GAITASTCMPLT,Was Gait assessment completed?
GAITASTTM,Time Gait assessment started
GAITTUG1,Duration of TUG1
GAITTUG2,Duration of TUG2
GAITASTUS,Time to walk 10 meters during usual walking condition
GAITASTDUAL,Time to walk 10 meters during Dual task walking condition
GAITASTSUBS,Number of subtractions in Dual task condition
GAITASTMIS,Number of mistakes in subtractions
GAITASTTRANSDT,Date that data was transferred
 ,(Gait Substudy) Gait Mobility Assessment and Measurement
GAITCONDCTVIS,Was a Gait Mobility Assessment conducted at this visit?
AVASYN,"If Yes, were adverse events assessed following the procedure?"
AVNOASTRSN,"If no, please explain"
AVAERPT,"If Yes, were any adverse events observed?"
 ,(Gait Substudy) Adverse Event In-Clinic Assessment
DOCCNSNTGAIT,"Informed consent was discussed with participant and/or legally authorized representative for the PPMI 009 Gait Study. Participant and/or legally authorized representative was given adequate time to read the informed consent, the opportunity to ask questions and consent was obtained prior to any study procedures being performed."
 ,(Gait Substudy) Documentation of Informed Consent
WDDT,Date of conclusion of participation
WDRSN,Reason for conclusion
WDRSNCM,Other reason for conclusion comment
WDRSNPD,Did increasing PD disability contribute to the decision to withdraw from the PPMI Gait Study?
 ,(Gait Substudy) Conclusion of Study Participation
INPPMI,"Enrolled in PPMI Clinical protocol and meets additional criteria based on cohort, as applicable."
EXPATH,"History of stroke or other neurological pathology that causes a change in gait (e.g., Traumatic Brain Injury (TBI), neuropathic pain) "
 ,(Gait Substudy) Inclusion Exclusion Criteria
SCRNFAILRSN,Reason participant did not enroll in PPMI Gait
RSNDEC,Reason for declining
 ,(Gait Substudy) Screen Fail
CNTACTYN,Was contact made during this telephone call?
TELAERPT,Were any NEW adverse events reported by the participant?
 ,(Gait Substudy) Adverse Event Telephone Assessment
GDSSATIS,Basically satisfied with your life?
GDSDROPD,Dropped many activities and interests?
GDSEMPTY,Feel that your life is empty?
GDSBORED,Often get bored?
GDSGSPIR,In good spirits most of the time?
GDSAFRAD,Afraid something bad will happen to you?
GDSHAPPY,Feel happy most of the time
GDSHLPLS,Often feel helpless?
GDSHOME,Prefer to stay at home?
GDSMEMRY,More problems with memory than most?
GDSALIVE,Wonderful to be alive now?
GDSWRTLS,Feel pretty worthless the way you are?
GDSENRGY,Feel full of energy?
GDSHOPLS,Feel that your situation is hopeless?
GDSBETER,Most people are better off than you are?
 ,Geriatric Depression Scale (Short Version)
 ,General Physical Exam
ABNORM,Response
ABNORMCM,Comment
PECAT,Category
PESEQ,Number
HVLTVRSN,HVLT-R Test Booklet Version used
HVLTVRSNCM,Used different form than indicated in the protocol comment
HVLTRT1,Immediate Recall Trial 1
HVLTRT2,Immediate Recall Trial 2
HVLTRT3,Immediate Recall Trial 3
HVLTRDLY,Delayed Recall Trial 4
HVLTREC,Delayed Recognition - Total # true positives
HVLTFPRL,"Delayed Recognition - Total # false positives, related"
HVLTFPUN,"Delayed Recognition - Total # false positives, unrelated"
 ,Hopkins Verbal Learning Test - Revised
AGE_ASSESS_HVLT,Age at Assessment
DVT_DELAYED_RECALL,T score for delayed recall
DVT_RECOG_DISC_INDEX,T score for recognition discrimination index
DVT_RETENTION,T score for retention
DVT_TOTAL_RECALL,T score for total recall
STUDYVDT,Study template version date
SITEVDT,Site version date
IRBAPPDT,Site IRB approval date
ICFAPPDT,Date ICF signed
ICFPRTCL,Select Consent Signed
ICFRSN,Reason for Consent
ICFRSNCM,Reason for reconsent comment
FNDSHR,Consent to share contact info with FOUND
CNTBRTS,Consent to share contact info with Pathology Core
RECNT,Consent to future contact:
 ,Informed Consent Tracking Log
IDEA1DESC,IDEA Cognitive Screen Question 1
IDEA2NAMING,IDEA Cognitive Screen Question 2
IDEA3LEADER,IDEA Cognitive Screen Question 3
IDEA4DAY,IDEA Cognitive Screen Question 4
IDEA5WORDS,IDEA Cognitive Screen Question 5
IDEA6NO,IDEA Cognitive Screen Question 6 - No part of the design was performed correctly
IDEA6MIDDLE,IDEA Cognitive Screen Question 6 - Middle two matchstick heads pointing same way
IDEA6OUTSIDE,IDEA Cognitive Screen Question 6 - Outside two matchsticks pointing at an angle
IDEA6CORRECT,IDEA Cognitive Screen Question 6 - Matchstick heads are orientated correctly
 ,IDEA Cognitive Screen
IDEATOTAL,IDEA Cogntive Screen Total Score
 ,Inclusion Exclusion
EX60DYPDRX,"Has taken levodopa, dopamine agonists, MAO-B inhibitors or amantadine within 60 days of Baseline visit, except for low-dose treatment of restless leg syndrome (with permission of medical monitor)."
EX90DYPDRX,Has taken levodopa or dopamine agonists prior to Baseline visit for more than a total of 90 days.
EXABCOND,"Any other medical or psychiatric condition or lab abnormality, which in the opinion of the investigator might preclude participation."
EXANTCOAG,"Current treatment with anticoagulants (e.g., coumadin, heparin, oral thrombin inhibitors) that might preclude safe completion of the lumbar puncture."
EXATYPPD,"Atypical PD syndromes due to either drugs (e.g., metoclopramide, flunarizine, neuroleptics) or metabolic disorders (e.g. Wilson's disease), encephalitis, or degenerative diseases (e.g., progressive supranuclear palsy)."
EXCURPDRX,"Currently taking levodopa, dopamine agonists, MAO-B inhibitors, amantadine or another PD medication, except for low-dose treatment of restless leg syndrome (with permission of medical monitor)."
EXDARX6MO,"Received any of the following drugs: dopamine receptor blockers (neuroleptics), metoclopramide and reserpine within 6 months of Baseline visit."
EXDEMNTDX,A clinical diagnosis of dementia as determined by the investigator.
EXFAMPD,"First degree relative with PD (i.e. biologic parent, sibling, child)"
EXMEDDBS,"Receiving treatment for PD, including levodopa, dopamine agonists, MAO-B inhibitors, amandadine or another PD medication, except for low-dose treatment of restless leg syndrome (with permission of medical monitor), or Deep Brain Stimulation (DBS)."
EXNEURCURR,Current or active clinically significant neurological disorder (in the opinion of the Investigator).
EXNEURMRI,Previously obtained MRI scan with evidence of clinically significant neurological disorder (in the opinion of the Investigator).
EXOTHRSN,"Any other reason that, in the opinion of the investigator, would render the participant unsuitable for study enrollment."
EXPDDEMDX,"Clinical diagnosis of PD, other parkinsonism, or dementia at screening."
EXUNSAFLP,"Condition that precludes the safe performance of routine lumbar puncture, such as prohibitive lumbar spinal disease, bleeding diathesis, or clinically significant coagulopathy or thrombocytopenia."
IN2CARDPD,"Patients must have at least two of the following: resting tremor, bradykinesia, rigidity (must have either resting tremor or bradykinesia); OR either asymmetric resting tremor or asymmetric bradykinesia."
IN2YRPD,A diagnosis of Parkinson's disease for 2 years or less at Screening Visit.
IN7YRPD,A diagnosis of Parkinson’s disease for 7 years or less at Screening Visit.
INAGE30,Male or female age 30 years or older at Screening visit.
INAGE4030,"Male or female age 40 years or older (except age 30 years or older for SNCA, or rare genetic mutations (such as Parkin or Pink1) participants)."
INAGE6030,"Male or female age 60 years or older (except age 30 years or older for SNCA, or rare genetic mutations (such as Parkin or Pink1) participants)."
INDATSCN,Confirmation that participant is eligible based on Screening DaTscan imaging.
INHOLDRX,"Individuals taking any of the following drugs: alpha methyldopa, methylphenidate, amphetamine derivatives or modafinil, must be willing and medically able to hold the medication for at least 5 half-lives before SPECT imaging."
INHY1OR2,Hoehn and Yahr stage I or II at Baseline.
INHY1TO3,Hoehn and Yahr stage I or II or III at Baseline.
INLRRK2,Confirmation of causative LRRK2 from the PPMI Screening Core.
INLRRK2GBA,"Confirmation of causative LRRK2 or GBA (willingness to undergo genetic testing as part of genetic screening and be informed of genetic testing results, or approved documentation of prior genetic testing results)."
INLRRK2GBACORE,Confirmation of causative LRRK2 or GBA from the PPMI Screening Core.
INNOMED6MO,Not expected to require PD medication within at least 6 months from Baseline.
INPDDXSC,Has a clinical diagnosis of Parkinson’s disease at Screening Visit.
INPDSC,Parkinson's disease diagnosis at Screening Visit.
INPREGNT,"Male or a female of childbearing potential who is not pregnant, lactating, or planning pregnancy during the study must have a negative pregnancy test on day of SPECT imaging test prior to injection of DaTscan"
INPRESCRN,"Confirmation that participant is eligible based on centrally determined predictive criteria including the University of Pennsylvania Smell Identification Test (UPSIT), prior to completion of Screening DaTscan imaging."
INSAA,"Confirmation that participant is eligible to proceed to Baseline based on Screening SAA status (as determined by CSF, blood, skin, or other validated measure)."
INSNCAPARK,"Confirmation of causative SNCA or rare genetic variant (such as Parkin or Pink1) (willingness to undergo genetic testing as part of genetic screening and be informed of genetic testing results, or approved documentation of prior genetic testing results)."
INSNCAPARKCORE,Confirmation of causative SNCA or rare genetic variant (such as Parkin or Pink1) from the PPMI Screening Core.
INUPSIT,Confirmation that participant is eligible based on centrally determined criteria for the University of Pennsylvania Smell Identification Test (UPSIT) completed through other recruitment efforts.
ORIG_CNO,Site Number
LABKITNUM,Specimen Collection Kit Number
FASTSTAT,Fasting Status
LMDT,Date of last meal
LMTM,Time of last meal
PDMEDYN,Is subject on medication for PD
PDMEDDT,Date of most recent PD med dose
PDMEDTM,Time of most recent PD med dose
UASPEC,Urine Specimen
UASPECDT,Urine Specimen Collection Date
UT1TM,Time of urine tube 1 collection
UT1SPNTM,Time of urine centrifugation
UT1SPNRT,Rate of urine centrifugation (xg)
UT1SPNDR,Duration of urine centrifugation (minutes)
UT1CFRG,Temperature of urine centrifugation (Celsius)
UT1FTM,Time urine tube 1 placed in freezer
BLDRNA,Blood for PAXgene
BLDRNATM,Time of PAXgene collection
BLDRNAVL,Total tube volume for RNA
RNAFDT,Date PAXgene sample placed in freezer
RNAFTM,Time PAXgene sample placed in freezer
RNASTTMP,RNA Storage Temperature (Celsius)
BLDPLAS,Blood for plasma level
PLASTM,Time of plasma collection
PLASPNTM,Time of plasma centrifugation
PLASPNRT,Rate of plasma centrifugation (xg)
PLASPNDR,Duration of plasma centrifugation (minutes)
PLASCFRG,Temperature of plasma centrifugation (Celsius)
PLASVAFT,Plasma volume aliquotted after spinning (milliliters)
PLAALQN,Number of aliquot tubes for plasma
PLASFTM,Time plasma samples placed in freezer
PLASTTMP,Plasma storage temperature (Celsius)
PLASBFCT,Plasma - Buffy Coat
BLDSER,Blood for serum
BLDSERTM,Time of serum collection
BSSPNTM,Time of serum centrifugation
BSSPNRT,Rate of serum centrifugation (xg)
BSSPNDR,Duration of serum centrifugation (minutes)
BSCFRG,Temperature of serum centrifugation (Celsius)
BSVAFT,Serum volume aliquotted after spinning (milliliters)
BSALQN,Number of aliquot tubes for serum
BSFTM,Time serum samples placed in freezer
BSSTTMP,Serum storage temperature (Celsius)
BLDWHL,Whole blood
BLDWHLTM,Time of whole blood collection
BLDWHLVL,Whole blood volume (milliliters)
BLDWHLTMP,Whole blood Storage Temperature (Celsius)
BLDWHLSTORTM,Time of whole blood sample storage
BLDDRDT,Date of blood draw
 ,Research Biospecimens
LEDTRT,Medication
TOTDDA,"Total Daily Dose Administered - if Liquid, Infusion, or Injection"
LEDDOSSTR,Dose Strength
LEDDOSE,Dose Taken
LEDDOSFRQ,Frequency
 ,LEDD Concomitant Medication Log
LEDD,Levodopa Equivalent Daily Dose
LEDDSTRMG,Dose in mg of the Levodopa equivalent drug only
LXFLUEA,Lexical Fluency - letter A
LXFLUES,Lexical Fluency - letter S
 ,Lexical Fluency
AGE_ASSESS_FAS,Age at Assessment
DVS_FAS,Scaled score
DVT_FAS,T score
LXFLUEF,Lexical Fluency - letter F
BENTONVERSION,Benton Judgment of Line Orientation Version Used
BJLOT1,Benton Test Item 1
BJLOT2,Benton Test Item 2
BJLOT3,Benton Test Item 3
BJLOT4,Benton Test Item 4
BJLOT5,Benton Test Item 5
BJLOT6,Benton Test Item 6
BJLOT7,Benton Test Item 7
BJLOT8,Benton Test Item 8
BJLOT10,Benton Test Item 10
BJLOT9,Benton Test Item 9
BJLOT11,Benton Test Item 11
BJLOT12,Benton Test Item 12
BJLOT13,Benton Test Item 13
BJLOT14,Benton Test Item 14
BJLOT15,Benton Test Item 15
BJLOT16,Benton Test Item 16
BJLOT17,Benton Test Item 17
BJLOT18,Benton Test Item 18
BJLOT19,Benton Test Item 19
BJLOT20,Benton Test Item 20
BJLOT21,Benton Test Item 21
BJLOT22,Benton Test Item 22
BJLOT23,Benton Test Item 23
BJLOT24,Benton Test Item 24
BJLOT25,Benton Test Item 25
BJLOT26,Benton Test Item 26
BJLOT27,Benton Test Item 27
BJLOT28,Benton Test Item 28
BJLOT29,Benton Test Item 29
BJLOT30,Benton Test Item 30
 ,Benton Judgement of Line Orientation
AGE_ASSESS_JLO,Age at Assessment
DVS_JLO_MSSA,Scaled score adjusted by age
DVS_JLO_MSSAE,Scaled score adjusted by age and education
JLO_TOTCALC,Total calculated score
JLO_TOTRAW,Total raw score
LNS1A,Trial 1a
LNS1B,Trial 1b
LNS1C,Trial 1c
LNS2A,Trial 2a
LNS2B,Trial 2b
LNS2C,Trial 2c
LNS3A,Trial 3a
LNS3B,Trial 3b
LNS3C,Trial 3c
LNS4A,Trial 4a
LNS4B,Trial 4b
LNS4C,Trial 4c
LNS5A,Trial 5a
LNS5B,Trial 5b
LNS5C,Trial 5c
LNS6A,Trial 6a
LNS6B,Trial 6b
LNS6C,Trial 6c
LNS7A,Trial 7a
LNS7B,Trial 7b
LNS7C,Trial 7c
 ,Letter - Number Sequencing
AGE_ASSESS_LNS,Age at Assessment
DVS_LNS,Scaled score
LNS_TOTRAW,LNS total score
CSFCOLL,Lumbar puncture for CSF
LPKITNUM,Specimen Collection Kit Number
LPNDRSN,Lumbar puncture not done reason
LPNDRSNCM,Other lumbar puncture not done reason comment
LMDT,Date of last intake of food
LMTM,Time of last intake of food
CSFNEEDL,Needle used for CSF
CSFNEEDLCM,Other needle used for CSF comment
CSFMETHD,Method used for CSF
LPSITE,Lumbar puncture site
LPPOSITN,Lumbar puncture position
LPPOSITNCM,Other lumbar puncture position comment
CSFTM,Time CSF collected
CSFVPRI,Volume of CSF collected (milliliters)
CSFSPNTM,Time CSF centrifuge
CSFSPNRT,CSF spin rate (xg)
CSFSPNDR,Duration of CSF centrifugation (minutes)
CSFCFRG,CSF spin temperature (Celsius)
CSFALQTM,Time CSF aliquotted
CSFVAFT,Volume of CSF aliquotted (milliliters)
CSFALQN,Number of aliquot tubes
SMPDSCRD,Bloody tap
CSFST,CSF storage
CSFSTTMP,CSF freezer temp (Celsius)
CSFFFTM,Time CSF was either placed in freezer or placed on dry ice
SMPLOCAL,Sample sent to local lab
SMPLOCALCM,Sample not sent to local lab comment
FLUORO,Was fluoroscopy performed
SPFI,Was lumbar spine film performed
SPFGUIDE,Reason for use of additional guidance
 ,Lumbar Puncture
MHCAT,Medical History Category
MHDIAGDT,Date of Diagnosis
MHTERM,Medical History Description
RESOLVD,Resolved
RESDT,Date of Resolution
 ,Medical Conditions Log
INFODT,Collection Date
MHDIAGYR,Year of Diagnosis
MHHX,Category History
RESYR,Year of Resolution
MCAALTTM,Alternating Trail Making
MCACUBE,Visuoconstructional Skills (Cube)
MCACLCKC,Visuoconstructional Skills (Clock Cont)
MCACLCKN,Visuoconstructional Skills (Clock Num)
MCACLCKH,Visuoconstructional Skills (Clock Hands)
MCALION,Naming - Lion
MCARHINO,Naming - Rhino
MCACAMEL,Naming - Camel
MCAFDS,Attention - Forward Digit Span
MCABDS,Attention - Backward Digit Span
MCAVIGIL,Attention - Vigilance
MCASER7,Attention - Serial 7s
MCASNTNC,Sentence Repetition
MCAVFNUM,Verbal Fluency - Number of words
MCAVF,Verbal Fluency
MCAABSTR,Abstraction
MCAREC1,Delayed Recall - Face
MCAREC2,Delayed Recall - Velvet
MCAREC3,Delayed Recall - Church
MCAREC4,Delayed Recall - Daisy
MCAREC5,Delayed Recall - Red
MCADATE,Orientation - Date
MCAMONTH,Orientation - Month
MCAYR,Orientation - Year
MCADAY,Orientation - Day
MCAPLACE,Orientation - Place
MCACITY,Orientation - City
 ,Montreal Cognitive Assessment (MoCA)
MCATOT,MoCA Total Score
MBSTNSCR,Number of spontaneously given correct responses
MBSTNCRC,Number of correct responses following a stimulus cue
 ,Modified Boston Naming Test
AGE_ASSESS_BNT,Age at Assessment
DVS_BNT,Scaled score
MBSTNCRR,Modified Boston Naming Test Total Correct
PCTL_BNT,Percentile
MSEADLG,Modified Schwab and England - Overall
 ,Modified Schwab & England Activities of Daily Living
MRICMPLT,Brain MRI was completed
MRICMPLTCM,Brain MRI not completed comment
ONLDOPAG,Participant is on dopaminergic medication
PDMEDDT,Last dopaminergic medication dose date
PDMEDTM,Last dopaminergic medication dose time
 ,Magnetic Resonance Imaging (MRI)
WAIVDT,Date site requested waiver
APRVDT,Date site notified of approval
WAIVDESC,Description of waiver
PROTOCOLNUM,Protocol number approved for
 ,MRI Waiver
NEWDIAG,Most likely clinical diagnosis
NEWDIAGOTHER,"Other neurological disorder(s), specify"
DIAGSINLV,Indicate if diagnosis occurred between the last study visit and this study visit
DIAGDT,Date of diagnosis (estimated date is acceptable)
DIAGCHANGEXP,The clinical diagnosis changed since the last visit. Please enter rationale to explain this new diagnosis
 ,Clinical Diagnosis
NQCOG22R,Reading and following complex instructions
NQCOG24R,Planning/keeping appointments not routine
NQCOG25R,Managing time to do most activities
NQCOG40R,Learning new tasks and instructions
 ,Neuro QoL Cognition Function - Short Form
NQCOG01,Writing notes to yourself
NQCOG04,Understanding family/friends on the phone
NQCOG08,Conversation with small group
NQCOG10,Organizing what you want to say
NQCOG11,Speaking clearly enough to use the phone
 ,Neuro QoL Communication - Short Form
NQMOB37,Able to get on and off toilet
NQMOB30,Able to step up and down curbs
NQMOB26,Able to get in and out of a car
NQMOB32,Able to get out of bed into chair
NQMOB25,Able to push open a heavy door
NQMOB33,Able to run errands and shop
NQMOB31,Able to get off floor without help
NQMOB28,Able to go for a walk of at least 15 min
 ,Neuro QoL Lower Extremity Function (Mobility) - Short Form
NQUEX29,Able to turn key in lock
NQUEX20,Able to brush your teeth
NQUEX44,Able make call using touch tone key pad
NQUEX36,Able to pick up coins from table
NQUEX30,Able to write with pen or pencil
NQUEX28,Able to open and close a zipper
NQUEX33,Able to wash and dry your body
NQUEX37,Able to shampoo your hair
 ,"Neuro QoL Upper Extremity Function (Fine Motor, ADL) - Short Form"
NUPSOURC,Primary Source of Information
NP1COG,COGNITIVE IMPAIRMENT
NP1HALL,HALLUCINATIONS AND PSYCHOSIS
NP1DPRS,DEPRESSED MOODS
NP1ANXS,ANXIOUS MOOD
NP1APAT,APATHY
NP1DDS,FEATURES-DOPAMINE DYSREGULATION SYNDROME
 ,MDS-UPDRS Part I Non-Motor Aspects of Experiences of Daily Living (nM-EDL)
NP1RTOT,MDS-UPDRS Part I (Rater Completed) Total Score
NP1SLPN,SLEEP PROBLEMS (NIGHT)
NP1SLPD,DAYTIME SLEEPINESS
NP1PAIN,PAIN AND OTHER SENSATIONS
NP1URIN,URINARY PROBLEMS
NP1CNST,CONSTIPATION PROBLEMS
NP1LTHD,LIGHTHEADEDNESS ON STANDING
NP1FATG,FATIGUE
 ,MDS-UPDRS Part I Patient Questionnaire: Non-Motor Aspects of Experiences of Daily Living (nM-EDL)
NP1PTOT,MDS-UPDRS Part I (Patient Questionnaire) Total Score
NP2SPCH,SPEECH
NP2SALV,SALIVA + DROOLING
NP2SWAL,CHEWING AND SWALLOWING
NP2EAT,EATING TASKS
NP2DRES,DRESSING
NP2HYGN,HYGIENE
NP2HWRT,HANDWRITING
NP2HOBB,DOING HOBBIES AND OTHER ACTIVITIES
NP2TURN,TURNING IN BED
NP2TRMR,TREMOR
NP2RISE,"GETTING OUT OF BED, CAR, OR DEEP CHAIR"
NP2WALK,WALKING AND BALANCE
NP2FREZ,FREEZING
 ,MDS-UPDRS Part II Patient Questionnaire: Motor Aspects of Experiences of Daily Living (M-EDL)
NP2PTOT,MDS-UPDRS Part II Total Score
PDMEDYN,Is participant on medication for PD?
DBSYN,Does participant have DBS
ONOFFORDER,First Part III exam OFF or ON
OFFEXAM,OFF exam performed
OFFNORSN,Reason OFF exam not performed
OFFNORNCM,Other OFF exam not performed comment
DBSOFFTM,Time DBS turned off before OFF exam
ONEXAM,ON exam performed
ONNORSN,Reason ON exam not performed
ONNORNCM,Other ON exam not performed comment
HIFUYN,Has the participant had high-intensity focused ultrasound?
DBSONTM,Time DBS turned on before ON exam
PDMEDDT,Date of most recent PD med dose before exam
PDMEDTM,Time of most recent PD med dose before exam
EXAMDT,Date exam was administered
EXAMTM,Time exam was administered
NP3SPCH,3.1 Speech
NP3FACXP,3.2 Facial expression
NP3RIGN,3.3a Rigidity - Neck
NP3RIGRU,3.3b Rigidity - RUE
NP3RIGLU,3.3c Rigidity - LUE
NP3RIGRL,3.3d Rigidity - RLE
NP3RIGLL,3.3e Rigidity - LLE
NP3FTAPR,3.4a Finger Tapping Right Hand
NP3FTAPL,3.4b Finger Tapping Left Hand
NP3HMOVR,3.5a Hand movements - Right Hand
NP3HMOVL,3.5b Hand movements - Left Hand
NP3PRSPR,3.6a Pronation-Supination - Right Hand
NP3PRSPL,3.6b Pronation-Supination - Left Hand
NP3TTAPR,3.7a Toe tapping - Right foot
NP3TTAPL,3.7b Toe tapping - Left foot
NP3LGAGR,3.8a Leg agility - Right leg
NP3LGAGL,3.8b Leg agility - Left leg
NP3RISNG,3.9 Arising from chair
NP3GAIT,3.10 Gait
NP3FRZGT,3.11 Freezing of gait
NP3PSTBL,3.12 Postural stability
NP3POSTR,3.13 Posture
NP3BRADY,3.14 Global spontaneity of movement
NP3PTRMR,3.15a Postural tremor - Right Hand
NP3PTRML,3.15b Postural tremor - Left hand
NP3KTRMR,3.16a Kinetic tremor - Right hand
NP3KTRML,3.16b Kinetic tremor - Left hand
NP3RTARU,3.17a Rest tremor amplitude - RUE
NP3RTALU,3.17b Rest tremor amplitude - LUE
NP3RTARL,3.17c Rest tremor amplitude - RLE
NP3RTALL,3.17d Rest tremor amplitude - LLE
NP3RTALJ,3.17e Rest tremor amplitude - Lip/jaw
NP3RTCON,3.18 Constancy of rest tremor
DYSKPRES,3.19 Were dyskinesias present
DYSKIRAT,3.20 Did movements interfere with rating
NHY,3.21 Hoehn and Yahr Stage
 ,MDS-UPDRS Part III Treatment Determination and Part III: Motor Examination
HRDBSOFF,Hours between DBS device turned off and NUPDRS3 exam
HRDBSON,Hours between DBS device turned on and NUPDRS3 exam
HRPOSTMED,Hours between last dose of PD medication and NUPDRS3 exam
NP3TOT,MDS-UPDRS Part III Total Score
PDSTATE,Which functional state is the participant currently in?
PDTRTMNT,Is the participant on medication or receiving deep brain stimulation for treating the symptoms of Parkinsons disease?
NP4WDYSKNUM,4.1 Total Hours Awake
NP4WDYSKDEN,4.1 Total Hours with Dyskinesia
NP4WDYSK,4.1 Time spent with dyskinesias
NP4DYSKI,4.2 Functional impact of dyskinesias
NP4OFFNUM,4.3 Total Hours Awake
NP4OFFDEN,4.3 Total Hours OFF
NP4OFF,4.3 Time spent in the OFF state
NP4FLCTI,4.4 Functional impact of fluctuations
NP4FLCTX,4.5 Complexity of motor fluctuations
NP4DYSTNNUM,4.6 Total Hours OFF
NP4DYSTNDEN,4.6 Total Hours OFF with Dystonia
NP4DYSTN,4.6 Painful OFF-state dystonia
 ,MDS-UPDRS Part IV Motor Complications
NP4DYSTNPCT,4.6 % OFF Dystonia
NP4OFFPCT,4.3 % OFF
NP4TOT,MDS-UPDRS Part IV Total Score
NP4WDYSKPCT,4.1 % Dyskinesia
MOD_NAME,Table Name
Q_REC_ID,Query Record ID
STDYTYP,Type of research study
TRLTYP,Type of Investigational Clinical Trial
TRLTYPCM,Other type of investigational clinical trial
OTHSTDY,Title of research study
OTHSTDYCM,Other full title of research study comment
ENROTHDT,Enrollment date in other study
ENDOTHDT,End of participation in other study date
 ,Participation in Other Studies Log
FEATSTPPOS,Stooped posture
FEATDCRARM,Decreased arm swing
FEATSHGAIT,Shuffling gait
FEATMCRGRA,Micrographia
FEATDIMOLF,Diminished olfaction
FEATSBDERM,Seborrheic dermatitis
FEATSUGRBD,Dream enactment suggestive of REM sleep behavior disorder
FEATPST3YR,Postural instability or gait freezing in the first 3 years
FEATGZEPAL,Supranuclear gaze palsy
FEATDYSPHG,Dysphagia
FEATDYSART,Dysarthria
FEATINSPST,Inspiratory stridor
FEATANTCOL,Disproportionate anterocollis
FEATWDGAIT,Wide based gait / cerebellar features
FEATMYCLNS,Myoclonous
FEATDYSTNA,Dystonia
FEATACTTRM,Prominent action tremor
FEATCOGFLC,Cognitive fluctuations
FEATDELHAL,Systematized delusions or visual hallucinations unrelated to medications
FEATDEPRES,Depression
FEATANXITY,Anxiety
FEATAPATHY,Apathy
FEATPOSHYP,postural hypotension
FEATSEXDYS,sexual dysfunction
FEATURNDYS,urinary dysfunction
FEATBWLDYS,bowel dysfunction
FEATCRTSNS,"Unequivocal cortical sensory loss (i.e., graphesthesia, stereognosis with intact primary sensory modalities)"
FEATLMBAPX,Limb ideomotor apraxia
FEATPYRTCT,Otherwise unexplained pyramidal tract signs
FEATALNLMB,Alien limb phenomenon
FEATALCREP,Definite response to alcohol
FEATCLRLEV,Clear and dramatic response to levodopa
FEATNOLEVO,Little or no response to levodopa
FEATNEURSS,Neuroleptic super-sensitivity
FEATMTRFLC,Motor fluctuations
FEATDYSKIN,Dyskinesia
 ,Other Clinical Features
 ,Participant Status
AV133STDY,Participant in PPMI Clinical Early Imaging Sub-Study
COHORT,Enrollment Cohort
DATELIG,Participant eligible from DAT Scan
ENRLGBA,GBA Mutation at Enrollment
ENRLHPSM,Hyposmia / Generalized Risk at Enrollment
ENRLLRRK2,LRRK2 Mutation at Enrollment
ENRLNORM,Normosmic PD at Enrollment
ENRLPINK1,Pink1 Mutation at Enrollment
ENRLPRKN,Parkin Mutation at Enrollment
ENRLRBD,RBD at Enrollment
ENRLSNCA,SNCA Mutation at Enrollment
ENRLSRDC,Sporadic PD at Enrollment
ENROLL_DATE,Enrollment Date
ENROLL_STATUS,Enrollment Status
GAITSTDY,Participant in PPMI Clinical Gait Sub-Study
INEXPAGE,PPMI Clinical Inclusion/Criteria
PISTDY,Participant in PPMI Clinical Prodromal Imaging Sub-Study
STATUS_DATE,Date Enrollment Status Occurred
SV2ASTDY,Participant in PPMI Clinical SV2A PET Sub-Study
TAUSTDY,Participant in PPMI Clinical Tau Imaging Sub-Study
DIFFNEWS,How much DIFFICULTY do you currently have reading the newspaper or magazine (not related to vision or motor symptoms)?
DIFFTIME,How much DIFFICULTY do you currently have keeping track of time?
DIFFMONEY,How much DIFFICULTY do you currently have counting the correct amount of money when making purchases?
DIFFINST,"How much DIFFICULTY do you currently have reading and following complex instructions (e.g., directions for a new medication)?"
DIFFPROBLEM,How much DIFFICULTY do you currently have handling an unfamiliar problem?
DIFFSTEPS,How much DIFFICULTY do you currently have explaining how to do something involving several steps to another person?
DIFFERRAND,How much DIFFICULTY do you currently have remembering a list of 4 or 5 errands without writing it down?
DIFFMAP,How much DIFFICULTY do you currently have using a map to tell where to go?
DIFFINFO,"How much DIFFICULTY do you currently have remembering new information, like phone numbers or simple instructions?"
DIFFMORE,How much DIFFICULTY do you currently have doing more than one thing at a time?
DIFFGADGET,How much DIFFICULTY do you currently have learning to use new gadgets or machines around the house?
DIFFAFFAIRS,How much DIFFICULTY do you currently have understanding your personal financial affairs?
DIFFTHOUGHT,How much DIFFICULTY do you currently have maintaining or completing a train of thought?
DIFFDISC,"How much DIFFICULTY do you currently have discussing a TV show, book, movie, or current events?"
DIFFREM,How much DIFFICULTY do you currently have remembering what day and month it is?
DIFFCONS,How much DIFFICULTY do you currently have carrying on a conversation with a small group of familiar people?
DIFFTOPIC,How much DIFFICULTY do you currently have staying on topic while talking?
DIFFWORD,How much DIFFICULTY do you currently have finding the right word?
DIFFORG,How much DIFFICULTY do you currently have getting things organized?
DIFFTASK,How much DIFFICULTY do you currently have getting started on very simple tasks?
DIFFSWITCH,How much DIFFICULTY do you currently have switching from one task to another?
DIFFAPPT,How much DIFFICULTY do you currently have remembering appointments?
DIFFRECALL,How much DIFFICULTY do you currently have accurately recalling conversations a few days later?
DIFFRECENT,How much DIFFICULTY do you currently have remembering things that have happened recently?
DIFFKEPT,How much DIFFICULTY do you currently have remembering where things are usually kept?
DIFFNAME,How much DIFFICULTY do you currently have remembering the name of a familiar person (e.g. a family member or friend)?
DIFFFAMILIAR,How much DIFFICULTY do you currently have finding your way around familiar places?
 ,PDAQ-27
SXDT,Date of Symptom
PDDXDT,Date of Parkinson's disease diagnosis
DXTREMOR,Resting Tremor present at diagnosis?
DXRIGID,Rigidity present at diagnosis?
DXBRADY,Bradykinesia present at diagnosis?
DXPOSINS,Postural instability present at dx?
DXOTHSX,Other symptom present at diagnosis?
DXOTHCM,Other symptoms comment
DOMSIDE,Side predominantly affected at onset
 ,PD Diagnosis History
MNTLRSP,Mental Status assessment
MNTLCM,Mental Status comment
CNRSP,CN II-XII assessment
CNCM,CN II-XII comment
MTRRSP,Motor Exam assessment
MTRCM,Motor Exam comment
SENRSP,Sensory Exam assessment
SENCM,Sensory Exam comment
CORDRSP,Coordination assessment
CORDCM,Coordination comment
RFLXRSP,Reflexes assessment
RFLXCM,Reflexes comment
GAITRSP,Gait assessment
GAITCM,Gait comment
 ,Neurological Exam
PGIAST,Participant Assessment
 ,Participant Global Impression (PGI)
PICLNCONDCTVIS, Was a PET imaging scan conducted at this visit?
PIASTYN,"If Yes, were adverse events assessed following the procedure(s)?"
PINOASTRSN,"If No, please explain:"
PIAERPRT,"If Yes, were any adverse events observed?"
 ,(AV-133 Prodromal Imaging Substudy) Adverse Event In-Clinic Assessment
DOCCONSNTPI,"Informed consent was discussed with participant and/or legally authorized representative for the PPMI 015  AV-133 Prodromal Imaging Study. Participant and/or legally authorized representative was given adequate   time to read the informed consent, the opportunity to ask questions and consent was obtained prior to any   study procedures being performed."
 ,(AV-133 Prodromal Imaging Substudy) Documentation of Informed Consent
WDRSNPD,Did increasing PD disability contribute to the decision to withdraw from the PPMI AV-133 Prodromal Imaging Study?
 ,(AV-133 Prodromal Imaging Substudy) Conclusion of Study Participation
INPPMI2, A Prodromal PD participant confirmed eligible to proceed to PPMI Clinical Baseline visit.
INPREGNT,"Male or Female (Females must meet additional criteria specified below, further defined in protocol, as applicable) "
EXAVRX1MO,"Received any of the following medications that might interfere with 18F-AV-133 PET imaging: tetrabenazine (TBZ) or methylphenidate, reserpine, or amphetamine derivative, within 1 month prior to the Baseline 18F-AV-133 injection."
EXCOND,"Any other medical or psychiatric condition or lab abnormality, which in the opinion of the investigator might preclude participation."
 ,(AV-133 Prodromal Imaging Substudy) Inclusion Exclusion Criteria
 ,(AV-133 Prodromal Imaging Substudy) VMAT-2 Imaging
 ,(AV-133 Prodromal Imaging Substudy) Pregnancy Test
PREGWHO,This is a report of pregnancy for which person?
 ,(AV-133 Prodromal Imaging Substudy) Report of Pregnancy
SCFAILRSN,Reason for screen fail.
RSNDEC,Reason for declining.
 ,(AV-133 Prodromal Imaging Substudy) Screen Fail
PICONDCTVIS, Was a PET imaging scan conducted at this visit?
PICNTACTYN, Was contact made during this telephone call?
PICNTRSN,Reason for no contact
PICNTRSNCM,Reason for no contact
PITELAERPT,AE reported
 ,(AV-133 Prodromal Imaging Substudy) Adverse Event Telephone Assessment
CMPLBY2,Completed by
TRBUPCHR,Trouble rising from a chair
WRTSMLR,Handwriting smaller than it once was
VOICSFTR,Voice softer than it once was
POORBAL,Is your balance poor
FTSTUCK,Feet ever seem to get stuck to the floor
LSSXPRSS,Face seems less expressive
ARMLGSHK,Do your arms or legs shake
TRBBUTTN,Do you have trouble buttoning buttons
SHUFFLE,Do you shuffle your feet/take tiny steps
MVSLOW,Move more slowly than others your age
TOLDPD,Been told you have Parkinson's disease
 ,Participant Motor Function Questionnaire
PREGPERF,Urine pregnancy test
PREGPERFCM,Urine pregnancy test not completed comment
PREGRSLT,Urine pregnancy test result
PREGPRI,Urine pregnancy test result before dose
PREGPRICM,No urine pregnancy test result before dose comment
 ,Pregnancy Test
PRIMDIAG,Most likely primary diagnosis
OTHNEURO,Other neurological disorder(s) (specify)
DXLVL,Confidence in most likely primary diagnosis
NEWDIAGEXP,Research diagnosis change explanation
 ,Primary Research Diagnosis
VISITMYPPMI,Have you registered for the myPPMI Participant portal?
LASTPAGEVIS,"If yes, when was the last time you visited your page?"
PPMIONLINE,Part of PPMI Online
PPMINONE,Part of None of the Above
 ,myPPMI Program Assessment
RBDDIAG,Does the participant have a clinical diagnosis of RBD
RBDDISYDT,Date of RBD symptom onset prior to RBD diagnosis
RBDDIDT,Date of clinical diagnosis of RBD
RBDPSG,Does the participant have a polysomnography (PSG) consistent with diagnosis of RBD
RBDPSDT,Date of PSG
 ,Features of REM Behavior Disorder
PTINBOTH,Source of Information
TMGAMBLE,Gambling 1
CNTRLGMB,Gambling 2
TMSEX,Sex 1
CNTRLSEX,Sex 2
TMBUY,Buying 1
CNTRLBUY,Buying 2
TMEAT,Eating 1
CNTRLEAT,Eating 2
TMTORACT,Other 1
TMTMTACT,Other 2
TMTRWD,Other 3
TMDISMED,Medication 1
CNTRLDSM,Medication 2
 ,Questionnaire for Impulsive-Compulsive Disorders in Parkinson's Disease (QUIP-Current-Short)
RADSTAT,Status of Research Advance Directive
 ,Research Proxy Designation
DRMVIVID,Vivid Dreams
DRMAGRAC,Aggressive or Action-packed dreams
DRMNOCTB,nocturnal behaviour
SLPLMBMV,move arms/legs during sleep
SLPINJUR,hurt bed partner
DRMVERBL,speaking in sleep
DRMFIGHT,sudden limb movements
DRMUMV,complex movements
DRMOBJFL,things fell down
MVAWAKEN,my movements awake me
DRMREMEM,remember dreams
SLPDSTRB,sleep is disturbed
STROKE,Stroke
HETRA,Head trauma
PARKISM,Parkinsonism
RLS,Restless Leg Syndrome (RLS)
NARCLPSY,Narcolepsy
DEPRS,Depression
EPILEPSY,Epilepsy
BRNINFM,Inflammatory disease of the brain
CNSOTH,other
CNSOTHCM,Other disease of the nervous system comment
 ,REM Sleep Behavior Disorder Screening Questionnaire
PREG30DAT,Pregnancy within 30 days of DaTscan injection?
 ,Report of Pregnancy
SCAU1,SCOPA Item 1
SCAU2,SCOPA Item 2
SCAU3,SCOPA Item 3
SCAU4,SCOPA Item 4
SCAU5,SCOPA Item 5
SCAU6,SCOPA Item 6
SCAU7,SCOPA Item 7
SCAU8,SCOPA Item 8
SCAU9,SCOPA Item 9
SCAU10,SCOPA Item 10
SCAU11,SCOPA Item 11
SCAU12,SCOPA Item 12
SCAU13,SCOPA Item 13
SCAU14,SCOPA Item 14
SCAU15,SCOPA Item 15
SCAU16,SCOPA Item 16
SCAU17,SCOPA Item 17
SCAU18,SCOPA Item 18
SCAU19,SCOPA Item 19
SCAU20,SCOPA Item 20
SCAU21,SCOPA Item 21
SCAU22,SCOPA Item 22
SCAU23,SCOPA Item 23
SCAU23A,SCOPA Item 23a
SCAU23AT,SCOPA Item 23a ED Med
SCAU24,SCOPA Item 24
SCAU25,SCOPA Item 25
SCAU26A,SCOPA Item 26a
SCAU26AT,SCOPA Item 26a med
SCAU26B,SCOPA Item 26b
SCAU26BT,SCOPA Item 26b med
SCAU26C,SCOPA Item 26c
SCAU26CT,SCOPA Item 26c med
SCAU26D,SCOPA Item 26d
SCAU26DT,SCOPA Item 26d med
 ,SCOPA-AUT
BIRTHDT,Date of Birth
SEX,Sex of participant at birth
CHLDBEAR,Female of child bearing potential
HOWLIVE,How do you live your life day to day?
HOWLIVECM,"Another term, specify"
GAYLES,Gay/Lesbian
HETERO,Straight/Heterosexual
BISEXUAL,Bisexual
PANSEXUAL,Pansexual
ASEXUAL,Asexual
OTHSEXUALITY,Other
OTHSEXUALITYCM,Other Sexuality comment
HANDED,Handedness
HISPLAT,Ethnicity
ASHKJEW,Identify self as being of Ashkenazi Jewish descent
BASQUE,Identify self as being of Basque descent
AFICBERB,Identify self as being of African Berber descent
RAINDALS,Identify self as Am Indian/Alaska Native
RAWHITE,Identify self as White
RABLACK,Identify self as Black/African American
RAHAWOPI,Identify self as Hawaiian/Other Pacific Islander
RAASIAN,Identify self as Asian
RAUNKNOWN,Race unknown or not reported
RANOS,Race not specified
RANOSCM,Race not specified comments
 ,Demographics
DEATHDT,Date of death
 ,Screen Fail
SDMTVRSN,SDMT Form Version used
SDMTVRSNCM,Used different form than indicated in the protocol comment
SDMTOTAL,Symbol Digit Modalities Total Correct
 ,Symbol Digit Modalities Test
AGE_ASSESS_SDM,Age at Assessment
DVSD_SDM,Standard deviation of total correct based on age and education
DVT_SDM,T score for total correct based on age and education
VLTANIM,Total Number of animals
 ,Modified Semantic Fluency
AGE_ASSESS_SFTANIM,Age at Assessment
DVS_SFTANIM,Scaled score
DVT_SFTANIM,T score
 ,Site Number-Name List
SITE_NAME,Center Name
SKBIOCMP,Was biopsy completed
NOSKBIOCMP,Reason skin biopsy not completed
NOSKBIOCMPCM,Skin biopsy attempted unsuccessfully or not completed for other reason comment
SBKITNUM,Specimen Collection Kit Number
ANSTHADM,Was anesthesia administered
ANSTHADMCM,Anesthesia not administered comment
FIXSPEC,Was a formalin-fixed specimen collected
FIXSKBSID,Which side of body was the formalin-fixed skin biopsy performed on
FIXWNDCLS,Type of wound closure used for formalin-fixed skin biopsy
FIXWNDCLSCM,"Other wound closure for formalin-fixed skin biopsy, specify"
FIXCOLTM,Time formalin-fixed skin biopsy collected
BIOFIXTM,Time biopsy specimen placed in formalin fixation
BIOFIXLOT,Formalin lot number
FSHSPEC,Was a frozen specimen collected
FSHSKBSID,Which side of body was the fresh skin biopsy performed on
FSHWNDCLS,Type of wound closure used for fresh skin biopsy
FSHWNDCLSCM,"Other wound closure for fresh skin biopsy, specify"
FSHCOLTM,Time fresh skin biopsy collected
BIOSALTM,Time biopsy specimen was frozen at -80 C:
 ,Skin Biopsy
EDUCYRS,Number of years of education
 ,Socio-Economics
EDUCYRS_ENUM,"Years of education range (<12, 12-16, >=16, Unknown)"
STAIAD1,STAI Question 1
STAIAD2,STAI Question 2
STAIAD3,STAI Question 3
STAIAD4,STAI Question 4
STAIAD5,STAI Question 5
STAIAD6,STAI Question 6
STAIAD7,STAI Question 7
STAIAD8,STAI Question 8
STAIAD9,STAI Question 9
STAIAD10,STAI Question 10
STAIAD11,STAI Question 11
STAIAD12,STAI Question 12
STAIAD13,STAI Question 13
STAIAD14,STAI Question 14
STAIAD15,STAI Question 15
STAIAD16,STAI Question 16
STAIAD17,STAI Question 17
STAIAD18,STAI Question 18
STAIAD19,STAI Question 19
STAIAD20,STAI Question 20
STAIAD21,STAI Question 21
STAIAD22,STAI Question 22
STAIAD23,STAI Question 23
STAIAD24,STAI Question 24
STAIAD25,STAI Question 25
STAIAD26,STAI Question 26
STAIAD27,STAI Question 27
STAIAD28,STAI Question 28
STAIAD29,STAI Question 29
STAIAD30,STAI Question 30
STAIAD31,STAI Question 31
STAIAD32,STAI Question 32
STAIAD33,STAI Question 33
STAIAD34,STAI Question 34
STAIAD35,STAI Question 35
STAIAD36,STAI Question 36
STAIAD37,STAI Question 37
STAIAD38,STAI Question 38
STAIAD39,STAI Question 39
STAIAD40,STAI Question 40
 ,State-Trait Anxiety Inventory for Adults
PDSURGDT,Date of Procedure for Parkinson's disease
PDSURGTP,Type of Procedure for Parkinson's disease
PDSRGTPC,"Type of surgery for PD - other, specify"
PDSURGSD,Side of Procedure for Parkinson's disease
PDSRGLOC,PD Procedure location
PDSRGLOCCM,Other PD Procedure location comment
 ,Procedure for PD Log
SV2ACLNCONDCTVIS,Was a SV2A PET imaging scan conducted at this visit?
SV2AASTYN,"If Yes, were adverse events assessed following the procedure(s)?"
SV2ANOASTRSN,"If No, please explain:"
SV2AAERPRT,"If Yes, were any adverse events observed?"
 ,(SV2A PET Imaging Substudy) Adverse Event In-Clinic Assessment
DOCCONSNTSV2A,"Informed consent was discussed with participant and/or legally authorized representative for the PPMI 014 SV2A PET Imaging Study. Participant and/or legally authorized representative was given adequate time to read the informed consent, the opportunity to ask questions and consent was obtained prior to any study procedures being performed."
 ,(SV2A PET Imaging Substudy) Documentation of Informed Consent
WDDT,Withdraw date
WDRSN,Reason for withdrawl
WDRSNCM,Other reason for withdrawl comment
WDRSNPD,Did increasing PD disability contribute to the decision to withdraw from the PPMI SV2A PET Imaging Study?
 ,(SV2A PET Imaging Substudy) Conclusion of Study Participation
INPPMI2,"A PD and healthy participant consented to PPMI Clinical, or a prodromal participant confirmed eligible to proceed to PPMI Clinical Baseline visit."
INPREGNT,"Male or Female (Females must meet additional criteria specified below, further defined in protocol, as applicable)"
EXRAD50,"Exposure to an effective radiation dose of 50 mSv, which would be above the acceptable annual limit established by the US Federal Guidelines during the past year."
 ,(SV2A PET Imaging Substudy) Inclusion Exclusion Criteria
PETCMPT,SV2A PET scan completed?
PETCMPTCM,SV2A PET scan not completed comment
INVEVLF,Study physician able to evaluate after injection
INVEVALAFCM,Study physician not able to evaluate after injection comment
 ,(SV2A PET Imaging Substudy) Imaging
PREGAPPL,Participant a female of childbearing potential
UPREGPRF,Urine pregnancy test performed before injection for PET scan
 ,(SV2A PET Imaging Substudy) Pregnancy Test
PREG30SV2A,Pregnancy within 30 days of 18F-SynVesT-1
 ,(SV2A PET Imaging Substudy) Report of Pregnancy
 ,(SV2A PET Imaging Substudy) Screen Fail
SV2ACONDCTVIS,Was a SV2A PET imaging scan conducted at this visit?
SV2ACNTACTYN,Was contact made
SV2ACNTRSN,Reason for no contact
SV2ACNTRSNCM,Reason for no contact
SV2ATELAERPT,AE reported
 ,(SV2A PET Imaging Substudy) Adverse Event Telephone Assessment
TAUCLNCONDCTVIS,Was a PI-2620 PET imaging scan conducted at this visit?
TAUAEYN,"If Yes, were adverse events assessed following the procedure?"
TAUNOASTRSN,"If No, please explain:"
TAUAERPT,"If Yes, were any adverse events observed?"
 ,(Tau Imaging Substudy) Adverse Event In-Clinic Assessment
DOCCNSNTTAU,"Informed consent was discussed with participant and/or legally authorized representative for the PPMI 008 Tau Imaging Study. Participant and/or legally authorized representative was given adequate time to read the informed consent, the opportunity to ask questions and consent was obtained prior to any study procedures being performed."
 ,(Tau Imaging Substudy) Documentation of Informed Consent
INPPMI2,Enrolled in PPMI Clinical protocol
INPREGNTTAU,"Females must be of non-childbearing potential or using birth control prior to injection of PI-2620, with negative pregnancy test on the day of the injection"
EXRAD50,"Exposure to an effective radiation dose of 50 mSv, which would be above the acceptable annual limit established by the US Federal Guidelines during the past year"
 ,(Tau Imaging Substudy) Inclusion Exclusion Criteria
INJECTTMPI,Time of 18F-PI-2620 injection
PIPETCMPLT,PI-2620 PET scan completed?
PIPETCMPLTCM,PI-2620 PET scan not completed comment
 ,(Tau Imaging Substudy) PI-2620 PET Imaging
PREGPERF,Urine pregnancy test performed
PREGBFPI,Urine pregnancy result confirmed prior to 18F-PI-2620 injection
PREGBFPICM,No urine pregnancy result confirmed prior 18F-PI-2620 injection comment
 ,(Tau Imaging Substudy) Pregnancy Test
PREG30PI,Pregnancy within 30 days of 18F-PI-2620 injection?
 ,(Tau Imaging Substudy) Report of Pregnancy
PICONDCTVIS,Was a PI-2620 PET imaging scan conducted at this visit?
 ,(Tau Imaging Substudy) Adverse Event Telephone Assessment
CONDCTVIS,"Was an LP, skin biopsy, or DaTscan imaging scan conducted at this visit?"
 ,Adverse Event Telephone Assessment
TMTACMPL,Trail Making Part A complete in max time
TMTASEC,Trail Making - Part A (sec)
TMTACORR,Trail Making - Part A Number correct
TMTBCMPL,Trail Making Part B complete in max time
TMTBSEC,Trail Making - Part B (sec)
TMTBCORR,Trail Making - Part B Number correct
 ,Trail Making A and B
AGE_ASSESS_TMT,Age at Assessment
DVZ_TMTA,Normative score for TMT trail A results
DVZ_TMTB,Normative score for TMT trail B results
UPSITFORM,UPSIT form version administered
REFHEBA,HeBA referral
SCENT_01_RESPONSE,Scent 01 Response
SCENT_02_RESPONSE,Scent 02 Response
SCENT_03_RESPONSE,Scent 03 Response
SCENT_04_RESPONSE,Scent 04 Response
SCENT_05_RESPONSE,Scent 05 Response
SCENT_06_RESPONSE,Scent 06 Response
SCENT_07_RESPONSE,Scent 07 Response
SCENT_08_RESPONSE,Scent 08 Response
SCENT_09_RESPONSE,Scent 09 Response
SCENT_10_RESPONSE,Scent 10 Response
SCENT_11_RESPONSE,Scent 11 Response
SCENT_12_RESPONSE,Scent 12 Response
SCENT_13_RESPONSE,Scent 13 Response
SCENT_14_RESPONSE,Scent 14 Response
SCENT_15_RESPONSE,Scent 15 Response
SCENT_16_RESPONSE,Scent 16 Response
SCENT_17_RESPONSE,Scent 17 Response
SCENT_18_RESPONSE,Scent 18 Response
SCENT_19_RESPONSE,Scent 19 Response
SCENT_20_RESPONSE,Scent 20 Response
SCENT_21_RESPONSE,Scent 21 Response
SCENT_22_RESPONSE,Scent 22 Response
SCENT_23_RESPONSE,Scent 23 Response
SCENT_24_RESPONSE,Scent 24 Response
SCENT_25_RESPONSE,Scent 25 Response
SCENT_26_RESPONSE,Scent 26 Response
SCENT_27_RESPONSE,Scent 27 Response
SCENT_28_RESPONSE,Scent 28 Response
SCENT_29_RESPONSE,Scent 29 Response
SCENT_30_RESPONSE,Scent 30 Response
SCENT_31_RESPONSE,Scent 31 Response
SCENT_32_RESPONSE,Scent 32 Response
SCENT_33_RESPONSE,Scent 33 Response
SCENT_34_RESPONSE,Scent 34 Response
SCENT_35_RESPONSE,Scent 35 Response
SCENT_36_RESPONSE,Scent 36 Response
SCENT_37_RESPONSE,Scent 37 Response
SCENT_38_RESPONSE,Scent 38 Response
SCENT_39_RESPONSE,Scent 39 Response
SCENT_40_RESPONSE,Scent 40 Response
 ,University of Pennsylvania Smell Identification Test (UPSIT)
UPSITLANGCNTR,UPSIT Language and Country
VISHOWCONDUCTED,How was visit conducted
VISOUCRSN,Reason for Out of Clinic visit
 ,Visit Status
EVENT_END,Visit End Date
EVENT_START,Visit Start Date
INFODT,Date of last assessment
VISMSCM,Visit Missed Reason Comment
VISMSRSN,Visit Missed Reason
MODVISIT,Is this an event-driven modification of a scheduled visit?
MODVISTYPE,Modified Visit Type
 ,Visit Type
WGTKG,Weight (kg)
HTCM,Height (cm)
TEMPC,Temperature (Celsius)
BPARM,Arm used for blood pressure
SYSSUP,Supine BP - systolic (mmHg)
DIASUP,Supine BP - diastolic (mmHg)
HRSUP,Supine heart rate (bpm)
SYSSTND,Standing BP - systolic (mmHg)
DIASTND,Standing BP - diastolic (mmHg)
HRSTND,Standing heart rate (bpm)
 ,Vital Signs
